﻿<?xml version="1.0" encoding="utf-8"?>
<HelpKI>
  <HelpKINode Title="AdmRecoOnlyPreferences class">
    <HelpKINode Title="AdmRecoOnlyPreferences Class" Url="html/3708c95e-0ce6-2dbe-6e04-f383b194bdbc.htm" />
    <HelpKINode Title="about AdmRecoOnlyPreferences class" Url="html/3708c95e-0ce6-2dbe-6e04-f383b194bdbc.htm" />
    <HelpKINode Title="constructor" Url="html/b407e050-f291-a36f-92d4-a27a1b392792.htm" />
    <HelpKINode Title="methods" Url="html/2d3a0647-0ff4-2336-2157-853daff4092a.htm" />
    <HelpKINode Title="properties" Url="html/1523d68c-2d51-da6b-8d28-5f8a07dd1d8f.htm" />
  </HelpKINode>
  <HelpKINode Title="AdmRecoOnlyPreferences.AdmRecoOnlyPreferences constructor" Url="html/b407e050-f291-a36f-92d4-a27a1b392792.htm" />
  <HelpKINode Title="AdmRecoOnlyPreferences.AuthenticationScheme property" Url="html/4321a056-96aa-b1be-6252-caa411deaf9f.htm" />
  <HelpKINode Title="AdmRecoOnlyPreferences.ClientId property" Url="html/44e50ee8-b728-1c5b-4c61-833496e8ba75.htm" />
  <HelpKINode Title="AdmRecoOnlyPreferences.ClientSecret property" Url="html/1426eb3d-cda0-9d79-b73d-73397f6e625d.htm" />
  <HelpKINode Title="AdmRecoOnlyPreferences.ClientVersion property" Url="html/5c80832e-9600-1400-5a2c-c32fdb54f591.htm" />
  <HelpKINode Title="AdmRecoOnlyPreferences.IAASEnabled property" Url="html/427243d0-8027-1c32-2fd0-ed647cf440ca.htm" />
  <HelpKINode Title="AdmRecoOnlyPreferences.LuisAppId property" Url="html/780be817-11d0-e4b3-f9c3-73d58938b0f0.htm" />
  <HelpKINode Title="AdmRecoOnlyPreferences.LuisSubscriptionId property" Url="html/d3685a95-75bf-2592-0b7b-73c4944f1b55.htm" />
  <HelpKINode Title="AdmRecoOnlyPreferences.TTSEnabled property" Url="html/7ee75c0d-ee8f-f0b9-c3d2-c11f10f4aa28.htm" />
  <HelpKINode Title="AdmRecoOnlyPreferences.UxAppSupport property" Url="html/ba84f9f8-3b24-c661-cc67-b85c8203a4ea.htm" />
  <HelpKINode Title="AudioCompressionType enumeration" Url="html/1310c673-68e9-7f2d-a4b6-85b5fd9c0cc9.htm" />
  <HelpKINode Title="AudioOutputFailed enumeration member" Url="html/af0ce99c-2c3b-361d-698f-dbde3e8f7045.htm" />
  <HelpKINode Title="AudioStart method">
    <HelpKINode Title="Conversation.AudioStart Method " Url="html/03ac70ba-0aa1-b4c9-45d2-d84bab8c2a31.htm" />
    <HelpKINode Title="IConversation.AudioStart Method " Url="html/b1d15aef-5393-67bc-4846-bfb95f15e06d.htm" />
  </HelpKINode>
  <HelpKINode Title="AudioStop method">
    <HelpKINode Title="Conversation.AudioStop Method " Url="html/e47820eb-1180-23ca-9859-5c25fd2e86a9.htm" />
    <HelpKINode Title="IConversation.AudioStop Method " Url="html/1d14dc7c-db4d-2076-8b95-b5aaeb7dff2a.htm" />
  </HelpKINode>
  <HelpKINode Title="AuthenticationError enumeration member" Url="html/af0ce99c-2c3b-361d-698f-dbde3e8f7045.htm" />
  <HelpKINode Title="AuthenticationExpired enumeration member" Url="html/af0ce99c-2c3b-361d-698f-dbde3e8f7045.htm" />
  <HelpKINode Title="AuthenticationScheme property" Url="html/4321a056-96aa-b1be-6252-caa411deaf9f.htm" />
  <HelpKINode Title="AverageBytesPerSecond field" Url="html/0e5ca434-20f4-48e1-dea5-780637f3ad0e.htm" />
  <HelpKINode Title="BabbleTimeout enumeration member" Url="html/acbcd432-2e63-6a2e-b594-206cc9b2a85a.htm" />
  <HelpKINode Title="BadResponse enumeration member" Url="html/af0ce99c-2c3b-361d-698f-dbde3e8f7045.htm" />
  <HelpKINode Title="BitsPerSample field" Url="html/9c628ecd-def5-982e-a9de-50b68de03c1d.htm" />
  <HelpKINode Title="BlockAlign field" Url="html/44af38b8-f8fd-c628-e141-c2a2a3374958.htm" />
  <HelpKINode Title="Body field" Url="html/cd5dea31-e979-655f-d846-471e56f55cbc.htm" />
  <HelpKINode Title="Cancelled enumeration member" Url="html/acbcd432-2e63-6a2e-b594-206cc9b2a85a.htm" />
  <HelpKINode Title="ChannelCount field" Url="html/6b8479bc-b437-30f4-4ceb-3f51b8aed1ad.htm" />
  <HelpKINode Title="ClientId property" Url="html/44e50ee8-b728-1c5b-4c61-833496e8ba75.htm" />
  <HelpKINode Title="ClientSecret property" Url="html/1426eb3d-cda0-9d79-b73d-73397f6e625d.htm" />
  <HelpKINode Title="ClientVersion property" Url="html/5c80832e-9600-1400-5a2c-c32fdb54f591.htm" />
  <HelpKINode Title="Confidence enumeration" Url="html/c5054e88-329c-e496-4fa0-d4d923e86674.htm" />
  <HelpKINode Title="Confidence field" Url="html/7c61fbef-3d50-187d-a325-3b7e48275c0d.htm" />
  <HelpKINode Title="ConnectionFailed enumeration member" Url="html/af0ce99c-2c3b-361d-698f-dbde3e8f7045.htm" />
  <HelpKINode Title="Conversation class">
    <HelpKINode Title="Conversation Class" Url="html/be87d9d0-c8eb-52cc-d0f9-453b00138a68.htm" />
    <HelpKINode Title="about Conversation class" Url="html/be87d9d0-c8eb-52cc-d0f9-453b00138a68.htm" />
    <HelpKINode Title="constructor" Url="html/106407ce-59c4-16fc-8336-f95a3c91c101.htm" />
    <HelpKINode Title="events" Url="html/151d4056-f63d-2b70-d2a0-f68e1025ded8.htm" />
    <HelpKINode Title="methods" Url="html/5fc1f26a-88a8-1bfe-92f5-ea59c819d13e.htm" />
  </HelpKINode>
  <HelpKINode Title="Conversation.AudioStart method" Url="html/03ac70ba-0aa1-b4c9-45d2-d84bab8c2a31.htm" />
  <HelpKINode Title="Conversation.AudioStop method" Url="html/e47820eb-1180-23ca-9859-5c25fd2e86a9.htm" />
  <HelpKINode Title="Conversation.Conversation constructor" Url="html/106407ce-59c4-16fc-8336-f95a3c91c101.htm" />
  <HelpKINode Title="Conversation.CreateAudioStream method" Url="html/60190da5-7d72-ce67-d889-dc508d61b4bc.htm" />
  <HelpKINode Title="Conversation.Dispose method" Url="html/2e7cd523-ca81-7fe9-4ed7-5cad14e33512.htm" />
  <HelpKINode Title="Conversation.OnConversationError event" Url="html/734dc9c3-6d1e-2c00-0996-4f54566963ae.htm" />
  <HelpKINode Title="Conversation.OnIntent event" Url="html/363c04db-eb47-c2f3-0aa9-01298ec265ef.htm" />
  <HelpKINode Title="Conversation.OnMicrophoneStatus event" Url="html/155ecf43-3ad9-ea85-a87f-bd249d40c7fa.htm" />
  <HelpKINode Title="Conversation.OnPartialResponseReceived event" Url="html/20732519-c570-a169-572e-cbc998563dd0.htm" />
  <HelpKINode Title="Conversation.OnResponseReceived event" Url="html/3791793c-6ae6-e4fe-2c55-e9d77c1c3927.htm" />
  <HelpKINode Title="create16BitPCMFormat method" Url="html/db4fb56c-ad74-bf59-82d3-831f0931b6de.htm" />
  <HelpKINode Title="CreateAudioStream method">
    <HelpKINode Title="Conversation.CreateAudioStream Method " Url="html/60190da5-7d72-ce67-d889-dc508d61b4bc.htm" />
    <HelpKINode Title="IConversation.CreateAudioStream Method " Url="html/4b2e2baa-f019-781c-0451-25982bf6adb2.htm" />
  </HelpKINode>
  <HelpKINode Title="CreateDataClient method" Url="html/b3b15ca9-0650-4d27-1fb7-fb76b3de2c01.htm" />
  <HelpKINode Title="CreateDataClientWithIntent method" Url="html/29d44af4-309f-fd2c-f1dc-80f9d6e63d53.htm" />
  <HelpKINode Title="CreateMicrophoneClient method" Url="html/d39eefe2-9c95-a602-7a58-168b90b95741.htm" />
  <HelpKINode Title="CreateMicrophoneClientWithIntent method" Url="html/454ddf64-8db0-2a9f-ccbc-f6fd21673f38.htm" />
  <HelpKINode Title="createSiren7Format method" Url="html/8317093c-9510-667f-9970-80efbbb13686.htm" />
  <HelpKINode Title="DataRecognitionClient class">
    <HelpKINode Title="DataRecognitionClient Class" Url="html/7e6932b3-474b-c6db-af5e-72115adb3f14.htm" />
    <HelpKINode Title="about DataRecognitionClient class" Url="html/7e6932b3-474b-c6db-af5e-72115adb3f14.htm" />
    <HelpKINode Title="events" Url="html/5e1e5e85-7b56-04f7-3b7f-02f7e4ebe723.htm" />
    <HelpKINode Title="methods" Url="html/666995cb-3517-1d4c-99b5-f69040a786ae.htm" />
  </HelpKINode>
  <HelpKINode Title="DataRecognitionClient.Dispose method" Url="html/bd101a32-a598-4ead-3948-0179b1acbf29.htm" />
  <HelpKINode Title="DataRecognitionClient.EndAudio method" Url="html/ff56fdfe-47d4-3808-0d06-9181fc7585fe.htm" />
  <HelpKINode Title="DataRecognitionClient.Finalize method" Url="html/00275f14-4a9c-cb5f-1388-1f73f58f0dc7.htm" />
  <HelpKINode Title="DataRecognitionClient.SendAudio method" Url="html/c36d486e-00ec-4006-f978-a5e379fb591e.htm" />
  <HelpKINode Title="DataRecognitionClient.SendAudioFormat method" Url="html/2d590d63-0247-5e09-80b4-31ae41b22087.htm" />
  <HelpKINode Title="DataRecognitionClientWithIntent class">
    <HelpKINode Title="DataRecognitionClientWithIntent Class" Url="html/e29b75fb-a1fa-368d-ed56-b5a0586e83f8.htm" />
    <HelpKINode Title="about DataRecognitionClientWithIntent class" Url="html/e29b75fb-a1fa-368d-ed56-b5a0586e83f8.htm" />
    <HelpKINode Title="events" Url="html/9de55f0e-78e7-43ce-f7cf-96d6dc6758d2.htm" />
    <HelpKINode Title="methods" Url="html/59591811-b109-3701-2ff3-a8c05f8aacde.htm" />
  </HelpKINode>
  <HelpKINode Title="DictationEndSilenceTimeout enumeration member" Url="html/acbcd432-2e63-6a2e-b594-206cc9b2a85a.htm" />
  <HelpKINode Title="DisplayText field" Url="html/190542d4-ee81-f40c-3a7f-073263dc47c2.htm" />
  <HelpKINode Title="Dispose method">
    <HelpKINode Title="Conversation.Dispose Method " Url="html/2e7cd523-ca81-7fe9-4ed7-5cad14e33512.htm" />
    <HelpKINode Title="DataRecognitionClient.Dispose Method " Url="html/bd101a32-a598-4ead-3948-0179b1acbf29.htm" />
  </HelpKINode>
  <HelpKINode Title="EncodingFormat field" Url="html/cc32368a-3da5-cffb-fbee-1322abbd19f8.htm" />
  <HelpKINode Title="EndAudio method">
    <HelpKINode Title="DataRecognitionClient.EndAudio Method " Url="html/ff56fdfe-47d4-3808-0d06-9181fc7585fe.htm" />
    <HelpKINode Title="IDataRecognitionClient.EndAudio Method " Url="html/daa350ee-42eb-1352-b12d-bb4835357488.htm" />
  </HelpKINode>
  <HelpKINode Title="EndMicAndRecognition method" Url="html/cd652e55-46ec-aadb-7bb0-e4fb4856aed3.htm" />
  <HelpKINode Title="EndOfDictation enumeration member" Url="html/acbcd432-2e63-6a2e-b594-206cc9b2a85a.htm" />
  <HelpKINode Title="Finalize method" Url="html/00275f14-4a9c-cb5f-1388-1f73f58f0dc7.htm" />
  <HelpKINode Title="FormatSpecificData field" Url="html/43376579-c3a0-5348-e351-445fdd42d38f.htm" />
  <HelpKINode Title="Headers field" Url="html/e068c222-bdd0-916a-2a5d-1d1cbdf83255.htm" />
  <HelpKINode Title="High enumeration member" Url="html/c5054e88-329c-e496-4fa0-d4d923e86674.htm" />
  <HelpKINode Title="HotWordMaximumTime enumeration member" Url="html/acbcd432-2e63-6a2e-b594-206cc9b2a85a.htm" />
  <HelpKINode Title="IAASEnabled property" Url="html/427243d0-8027-1c32-2fd0-ed647cf440ca.htm" />
  <HelpKINode Title="IConversation interface">
    <HelpKINode Title="IConversation Interface" Url="html/2d3cde72-6908-0d55-df13-ca1c798ab9bb.htm" />
    <HelpKINode Title="about IConversation interface" Url="html/2d3cde72-6908-0d55-df13-ca1c798ab9bb.htm" />
    <HelpKINode Title="events" Url="html/07cd3970-345e-fb4e-df99-b640bd22bd8f.htm" />
    <HelpKINode Title="methods" Url="html/9b059d5d-f9c4-a228-c517-01c1bce7b212.htm" />
  </HelpKINode>
  <HelpKINode Title="IConversation.AudioStart method" Url="html/b1d15aef-5393-67bc-4846-bfb95f15e06d.htm" />
  <HelpKINode Title="IConversation.AudioStop method" Url="html/1d14dc7c-db4d-2076-8b95-b5aaeb7dff2a.htm" />
  <HelpKINode Title="IConversation.CreateAudioStream method" Url="html/4b2e2baa-f019-781c-0451-25982bf6adb2.htm" />
  <HelpKINode Title="IConversation.OnConversationError event" Url="html/ebd043c7-688b-243b-b80c-7562294230af.htm" />
  <HelpKINode Title="IConversation.OnIntent event" Url="html/d1f5053e-ea3f-8ddb-b08b-4246b50a7b5a.htm" />
  <HelpKINode Title="IConversation.OnMicrophoneStatus event" Url="html/07ee7ca6-978a-5d7b-860c-57ad6126efdd.htm" />
  <HelpKINode Title="IConversation.OnPartialResponseReceived event" Url="html/6069b1f0-d758-719b-d78b-9ece01d24c71.htm" />
  <HelpKINode Title="IConversation.OnResponseReceived event" Url="html/edb9a53e-e14c-c1b4-9cf7-8524d3029cfc.htm" />
  <HelpKINode Title="IDataRecognitionClient interface">
    <HelpKINode Title="IDataRecognitionClient Interface" Url="html/6e8f4425-fb6b-a6a0-2ae1-affe7ff5061b.htm" />
    <HelpKINode Title="about IDataRecognitionClient interface" Url="html/6e8f4425-fb6b-a6a0-2ae1-affe7ff5061b.htm" />
    <HelpKINode Title="events" Url="html/85997ca4-774f-a407-7b36-1a9c330bb4ff.htm" />
    <HelpKINode Title="methods" Url="html/9e496bc8-8cd4-f184-c41d-97b331005215.htm" />
  </HelpKINode>
  <HelpKINode Title="IDataRecognitionClient.EndAudio method" Url="html/daa350ee-42eb-1352-b12d-bb4835357488.htm" />
  <HelpKINode Title="IDataRecognitionClient.SendAudio method" Url="html/b58f39d2-2fff-5d99-e056-4299888a40b8.htm" />
  <HelpKINode Title="IDataRecognitionClient.SendAudioFormat method" Url="html/ce1b8d53-bd7c-de4b-4c10-86bdf83c61ad.htm" />
  <HelpKINode Title="InitialSilenceTimeout enumeration member" Url="html/acbcd432-2e63-6a2e-b594-206cc9b2a85a.htm" />
  <HelpKINode Title="Intent class">
    <HelpKINode Title="Intent Class" Url="html/6e9a1314-7318-0fef-51b8-63a311fd4a0f.htm" />
    <HelpKINode Title="about Intent class" Url="html/6e9a1314-7318-0fef-51b8-63a311fd4a0f.htm" />
    <HelpKINode Title="fields" Url="html/3298c7cb-94a6-6c2f-f5da-c93cd92ed44b.htm" />
    <HelpKINode Title="methods" Url="html/a93cd005-4534-4ae5-2808-54b284c90053.htm" />
  </HelpKINode>
  <HelpKINode Title="Intent property" Url="html/6f0059a8-2dc7-ba65-531e-f537c9dd4701.htm" />
  <HelpKINode Title="Intent.Body field" Url="html/cd5dea31-e979-655f-d846-471e56f55cbc.htm" />
  <HelpKINode Title="Intent.Headers field" Url="html/e068c222-bdd0-916a-2a5d-1d1cbdf83255.htm" />
  <HelpKINode Title="Intent.Url field" Url="html/aba6135f-8312-2b70-c4a1-d08659554d79.htm" />
  <HelpKINode Title="Intermediate enumeration member" Url="html/acbcd432-2e63-6a2e-b594-206cc9b2a85a.htm" />
  <HelpKINode Title="InternalError enumeration member" Url="html/af0ce99c-2c3b-361d-698f-dbde3e8f7045.htm" />
  <HelpKINode Title="InvalidArgument enumeration member" Url="html/af0ce99c-2c3b-361d-698f-dbde3e8f7045.htm" />
  <HelpKINode Title="InvalidProxy enumeration member" Url="html/af0ce99c-2c3b-361d-698f-dbde3e8f7045.htm" />
  <HelpKINode Title="InvalidService enumeration member" Url="html/af0ce99c-2c3b-361d-698f-dbde3e8f7045.htm" />
  <HelpKINode Title="InverseTextNormalizationResult field" Url="html/9c7001fb-4560-f5d7-7e79-6731a77afd82.htm" />
  <HelpKINode Title="LexicalForm field" Url="html/53561b27-03d6-45e1-15b8-aa4d3dddf108.htm" />
  <HelpKINode Title="LimitsExceeded enumeration member" Url="html/af0ce99c-2c3b-361d-698f-dbde3e8f7045.htm" />
  <HelpKINode Title="Locale property" Url="html/8b0b005c-9286-bb2e-a0a8-771cb76eab26.htm" />
  <HelpKINode Title="LoginFailed enumeration member" Url="html/af0ce99c-2c3b-361d-698f-dbde3e8f7045.htm" />
  <HelpKINode Title="LongDictation enumeration member" Url="html/3d2bce6a-29b2-73d8-5e88-d90c5d4d2357.htm" />
  <HelpKINode Title="Low enumeration member" Url="html/c5054e88-329c-e496-4fa0-d4d923e86674.htm" />
  <HelpKINode Title="LuisAppId property" Url="html/780be817-11d0-e4b3-f9c3-73d58938b0f0.htm" />
  <HelpKINode Title="LuisSubscriptionId property" Url="html/d3685a95-75bf-2592-0b7b-73c4944f1b55.htm" />
  <HelpKINode Title="MaskedInverseTextNormalizationResult field" Url="html/42e021dd-b73d-9b1e-0eb0-03d3e00a8d0b.htm" />
  <HelpKINode Title="MicrophoneEventArgs class">
    <HelpKINode Title="MicrophoneEventArgs Class" Url="html/399a3e17-74fd-787d-0c35-acd5f92b0305.htm" />
    <HelpKINode Title="about MicrophoneEventArgs class" Url="html/399a3e17-74fd-787d-0c35-acd5f92b0305.htm" />
    <HelpKINode Title="methods" Url="html/4cb6da3b-ba6d-b8c0-7c04-39ab9660d169.htm" />
    <HelpKINode Title="properties" Url="html/f3a1d577-4b97-9709-3392-1ab18a603bfd.htm" />
  </HelpKINode>
  <HelpKINode Title="MicrophoneEventArgs.Recording property" Url="html/c863d047-26cd-d2fb-c150-ab8db38e5d09.htm" />
  <HelpKINode Title="MicrophoneInUse enumeration member" Url="html/af0ce99c-2c3b-361d-698f-dbde3e8f7045.htm" />
  <HelpKINode Title="MicrophoneRecognitionClient class">
    <HelpKINode Title="MicrophoneRecognitionClient Class" Url="html/6c9803a8-afed-6a4a-2ff9-d911efe925df.htm" />
    <HelpKINode Title="about MicrophoneRecognitionClient class" Url="html/6c9803a8-afed-6a4a-2ff9-d911efe925df.htm" />
    <HelpKINode Title="events" Url="html/18343c6b-2745-6625-9f88-20812bd287b7.htm" />
    <HelpKINode Title="methods" Url="html/1a7fc7e1-79d7-27b7-f19f-c2873602a76d.htm" />
  </HelpKINode>
  <HelpKINode Title="MicrophoneRecognitionClient.EndMicAndRecognition method" Url="html/cd652e55-46ec-aadb-7bb0-e4fb4856aed3.htm" />
  <HelpKINode Title="MicrophoneRecognitionClient.StartMicAndRecognition method" Url="html/9f0729e4-5624-c71a-149b-bcd1db6a3de0.htm" />
  <HelpKINode Title="MicrophoneRecognitionClientWithIntent class">
    <HelpKINode Title="MicrophoneRecognitionClientWithIntent Class" Url="html/51ee4d59-e2c6-2d61-9ece-d017816306c5.htm" />
    <HelpKINode Title="about MicrophoneRecognitionClientWithIntent class" Url="html/51ee4d59-e2c6-2d61-9ece-d017816306c5.htm" />
    <HelpKINode Title="events" Url="html/310b41e6-69e2-f884-fc86-e6387e7fb4f9.htm" />
    <HelpKINode Title="methods" Url="html/6ef7656d-9a01-3c21-fd54-269650ecb2b6.htm" />
  </HelpKINode>
  <HelpKINode Title="MicrophoneStatusUnknown enumeration member" Url="html/af0ce99c-2c3b-361d-698f-dbde3e8f7045.htm" />
  <HelpKINode Title="MicrophoneTimeout property" Url="html/aecec52d-2fb3-797d-f722-8bd1855f908e.htm" />
  <HelpKINode Title="MicrophoneUnavailable enumeration member" Url="html/af0ce99c-2c3b-361d-698f-dbde3e8f7045.htm" />
  <HelpKINode Title="Microsoft.ProjectOxford.SpeechRecognition namespace" Url="html/3619e220-aff7-cb66-df2b-487ef35584e1.htm" />
  <HelpKINode Title="Microsoft.ProjectOxford.SpeechRecognition.AdmRecoOnlyPreferences class" Url="html/3708c95e-0ce6-2dbe-6e04-f383b194bdbc.htm" />
  <HelpKINode Title="Microsoft.ProjectOxford.SpeechRecognition.AudioCompressionType enumeration" Url="html/1310c673-68e9-7f2d-a4b6-85b5fd9c0cc9.htm" />
  <HelpKINode Title="Microsoft.ProjectOxford.SpeechRecognition.Confidence enumeration" Url="html/c5054e88-329c-e496-4fa0-d4d923e86674.htm" />
  <HelpKINode Title="Microsoft.ProjectOxford.SpeechRecognition.Conversation class" Url="html/be87d9d0-c8eb-52cc-d0f9-453b00138a68.htm" />
  <HelpKINode Title="Microsoft.ProjectOxford.SpeechRecognition.DataRecognitionClient class" Url="html/7e6932b3-474b-c6db-af5e-72115adb3f14.htm" />
  <HelpKINode Title="Microsoft.ProjectOxford.SpeechRecognition.DataRecognitionClientWithIntent class" Url="html/e29b75fb-a1fa-368d-ed56-b5a0586e83f8.htm" />
  <HelpKINode Title="Microsoft.ProjectOxford.SpeechRecognition.IConversation interface" Url="html/2d3cde72-6908-0d55-df13-ca1c798ab9bb.htm" />
  <HelpKINode Title="Microsoft.ProjectOxford.SpeechRecognition.IDataRecognitionClient interface" Url="html/6e8f4425-fb6b-a6a0-2ae1-affe7ff5061b.htm" />
  <HelpKINode Title="Microsoft.ProjectOxford.SpeechRecognition.Intent class" Url="html/6e9a1314-7318-0fef-51b8-63a311fd4a0f.htm" />
  <HelpKINode Title="Microsoft.ProjectOxford.SpeechRecognition.MicrophoneEventArgs class" Url="html/399a3e17-74fd-787d-0c35-acd5f92b0305.htm" />
  <HelpKINode Title="Microsoft.ProjectOxford.SpeechRecognition.MicrophoneRecognitionClient class" Url="html/6c9803a8-afed-6a4a-2ff9-d911efe925df.htm" />
  <HelpKINode Title="Microsoft.ProjectOxford.SpeechRecognition.MicrophoneRecognitionClientWithIntent class" Url="html/51ee4d59-e2c6-2d61-9ece-d017816306c5.htm" />
  <HelpKINode Title="Microsoft.ProjectOxford.SpeechRecognition.PartialSpeechResponseEventArgs class" Url="html/2b08558a-f566-4abd-6f6e-dad250dbb20e.htm" />
  <HelpKINode Title="Microsoft.ProjectOxford.SpeechRecognition.Preferences class" Url="html/94742536-7a8a-0df1-2eca-4840227cee6f.htm" />
  <HelpKINode Title="Microsoft.ProjectOxford.SpeechRecognition.RecognitionResult class" Url="html/be02c81f-62f0-3475-577e-b5b9aea01b6c.htm" />
  <HelpKINode Title="Microsoft.ProjectOxford.SpeechRecognition.RecognitionStatus enumeration" Url="html/acbcd432-2e63-6a2e-b594-206cc9b2a85a.htm" />
  <HelpKINode Title="Microsoft.ProjectOxford.SpeechRecognition.RecognizedPhrase class" Url="html/8088186a-6d76-5686-9cfa-a2b459e18420.htm" />
  <HelpKINode Title="Microsoft.ProjectOxford.SpeechRecognition.SpeechAudioFormat class" Url="html/b530eb82-a498-926f-e69a-09d93c6ee29c.htm" />
  <HelpKINode Title="Microsoft.ProjectOxford.SpeechRecognition.SpeechClientStatus enumeration" Url="html/af0ce99c-2c3b-361d-698f-dbde3e8f7045.htm" />
  <HelpKINode Title="Microsoft.ProjectOxford.SpeechRecognition.SpeechErrorEventArgs class" Url="html/34c5a3d1-4cca-fd1b-2f7c-2b3209406b15.htm" />
  <HelpKINode Title="Microsoft.ProjectOxford.SpeechRecognition.SpeechIntentEventArgs class" Url="html/80f8b7cb-5a9f-1f9a-88b5-5b54c6b3df83.htm" />
  <HelpKINode Title="Microsoft.ProjectOxford.SpeechRecognition.SpeechRecognitionMode enumeration" Url="html/3d2bce6a-29b2-73d8-5e88-d90c5d4d2357.htm" />
  <HelpKINode Title="Microsoft.ProjectOxford.SpeechRecognition.SpeechRecognitionServiceFactory class" Url="html/41994490-3ab1-b1c0-aab7-861336dfa4b3.htm" />
  <HelpKINode Title="Microsoft.ProjectOxford.SpeechRecognition.SpeechResponseEventArgs class" Url="html/e4ef9a8d-e61d-f753-1ccc-5875cedee272.htm" />
  <HelpKINode Title="NameNotFound enumeration member" Url="html/af0ce99c-2c3b-361d-698f-dbde3e8f7045.htm" />
  <HelpKINode Title="NoMatch enumeration member" Url="html/acbcd432-2e63-6a2e-b594-206cc9b2a85a.htm" />
  <HelpKINode Title="None enumeration member">
    <HelpKINode Title="Confidence Enumeration" Url="html/c5054e88-329c-e496-4fa0-d4d923e86674.htm" />
    <HelpKINode Title="RecognitionStatus Enumeration" Url="html/acbcd432-2e63-6a2e-b594-206cc9b2a85a.htm" />
  </HelpKINode>
  <HelpKINode Title="Normal enumeration member" Url="html/c5054e88-329c-e496-4fa0-d4d923e86674.htm" />
  <HelpKINode Title="OnConversationError event">
    <HelpKINode Title="Conversation.OnConversationError Event" Url="html/734dc9c3-6d1e-2c00-0996-4f54566963ae.htm" />
    <HelpKINode Title="IConversation.OnConversationError Event" Url="html/ebd043c7-688b-243b-b80c-7562294230af.htm" />
  </HelpKINode>
  <HelpKINode Title="OnIntent event">
    <HelpKINode Title="Conversation.OnIntent Event" Url="html/363c04db-eb47-c2f3-0aa9-01298ec265ef.htm" />
    <HelpKINode Title="IConversation.OnIntent Event" Url="html/d1f5053e-ea3f-8ddb-b08b-4246b50a7b5a.htm" />
  </HelpKINode>
  <HelpKINode Title="OnMicrophoneStatus event">
    <HelpKINode Title="Conversation.OnMicrophoneStatus Event" Url="html/155ecf43-3ad9-ea85-a87f-bd249d40c7fa.htm" />
    <HelpKINode Title="IConversation.OnMicrophoneStatus Event" Url="html/07ee7ca6-978a-5d7b-860c-57ad6126efdd.htm" />
  </HelpKINode>
  <HelpKINode Title="OnPartialResponseReceived event">
    <HelpKINode Title="Conversation.OnPartialResponseReceived Event" Url="html/20732519-c570-a169-572e-cbc998563dd0.htm" />
    <HelpKINode Title="IConversation.OnPartialResponseReceived Event" Url="html/6069b1f0-d758-719b-d78b-9ece01d24c71.htm" />
  </HelpKINode>
  <HelpKINode Title="OnResponseReceived event">
    <HelpKINode Title="Conversation.OnResponseReceived Event" Url="html/3791793c-6ae6-e4fe-2c55-e9d77c1c3927.htm" />
    <HelpKINode Title="IConversation.OnResponseReceived Event" Url="html/edb9a53e-e14c-c1b4-9cf7-8524d3029cfc.htm" />
  </HelpKINode>
  <HelpKINode Title="PartialResult property" Url="html/f03fede0-ef70-20cb-fad5-35f2e3e686ed.htm" />
  <HelpKINode Title="PartialSpeechResponseEventArgs class">
    <HelpKINode Title="PartialSpeechResponseEventArgs Class" Url="html/2b08558a-f566-4abd-6f6e-dad250dbb20e.htm" />
    <HelpKINode Title="about PartialSpeechResponseEventArgs class" Url="html/2b08558a-f566-4abd-6f6e-dad250dbb20e.htm" />
    <HelpKINode Title="methods" Url="html/461d2d8e-cc61-2a1e-e0d5-7061845ac949.htm" />
    <HelpKINode Title="properties" Url="html/e833f6ba-f313-68b4-eecd-9ec72d0b376f.htm" />
  </HelpKINode>
  <HelpKINode Title="PartialSpeechResponseEventArgs.PartialResult property" Url="html/f03fede0-ef70-20cb-fad5-35f2e3e686ed.htm" />
  <HelpKINode Title="Payload property" Url="html/2a482e35-a628-2702-5d5c-e8b960b9b3ee.htm" />
  <HelpKINode Title="PCM enumeration member" Url="html/1310c673-68e9-7f2d-a4b6-85b5fd9c0cc9.htm" />
  <HelpKINode Title="PhraseResponse property" Url="html/cac804ba-97cb-9871-cd93-3eb7866931ed.htm" />
  <HelpKINode Title="Preferences class">
    <HelpKINode Title="Preferences Class" Url="html/94742536-7a8a-0df1-2eca-4840227cee6f.htm" />
    <HelpKINode Title="about Preferences class" Url="html/94742536-7a8a-0df1-2eca-4840227cee6f.htm" />
    <HelpKINode Title="constructor" Url="html/2bd097af-06d0-6a0e-e3f5-a0c4f53a7b75.htm" />
    <HelpKINode Title="methods" Url="html/20048dfc-86be-10d6-278f-ad827cd8ac56.htm" />
    <HelpKINode Title="properties" Url="html/cb987c85-b860-c186-49d1-e3ba9ef2abc4.htm" />
  </HelpKINode>
  <HelpKINode Title="Preferences.Locale property" Url="html/8b0b005c-9286-bb2e-a0a8-771cb76eab26.htm" />
  <HelpKINode Title="Preferences.MicrophoneTimeout property" Url="html/aecec52d-2fb3-797d-f722-8bd1855f908e.htm" />
  <HelpKINode Title="Preferences.Preferences constructor" Url="html/2bd097af-06d0-6a0e-e3f5-a0c4f53a7b75.htm" />
  <HelpKINode Title="Preferences.ServiceUri property" Url="html/8e5abc1d-aaad-f7b4-867e-37e157ca8ffc.htm" />
  <HelpKINode Title="RecognitionError enumeration member" Url="html/acbcd432-2e63-6a2e-b594-206cc9b2a85a.htm" />
  <HelpKINode Title="RecognitionResult class">
    <HelpKINode Title="RecognitionResult Class" Url="html/be02c81f-62f0-3475-577e-b5b9aea01b6c.htm" />
    <HelpKINode Title="about RecognitionResult class" Url="html/be02c81f-62f0-3475-577e-b5b9aea01b6c.htm" />
    <HelpKINode Title="fields" Url="html/957823c4-8165-e444-7bcd-d7fc38504dcc.htm" />
    <HelpKINode Title="methods" Url="html/6f966e71-6987-6320-4790-11f3d496f233.htm" />
  </HelpKINode>
  <HelpKINode Title="RecognitionResult.RecognitionStatus field" Url="html/82c99fde-59a1-08fa-e40b-923a7ab0f594.htm" />
  <HelpKINode Title="RecognitionResult.Results field" Url="html/ce014698-4aff-cd32-7970-a536bf4bbbbd.htm" />
  <HelpKINode Title="RecognitionStatus enumeration" Url="html/acbcd432-2e63-6a2e-b594-206cc9b2a85a.htm" />
  <HelpKINode Title="RecognitionStatus field" Url="html/82c99fde-59a1-08fa-e40b-923a7ab0f594.htm" />
  <HelpKINode Title="RecognitionSuccess enumeration member" Url="html/acbcd432-2e63-6a2e-b594-206cc9b2a85a.htm" />
  <HelpKINode Title="RecognizedPhrase class">
    <HelpKINode Title="RecognizedPhrase Class" Url="html/8088186a-6d76-5686-9cfa-a2b459e18420.htm" />
    <HelpKINode Title="about RecognizedPhrase class" Url="html/8088186a-6d76-5686-9cfa-a2b459e18420.htm" />
    <HelpKINode Title="fields" Url="html/46da2ae6-a886-2545-12b9-8fa3b8602904.htm" />
    <HelpKINode Title="methods" Url="html/fbc34893-c347-4a59-f501-deaf3980ea65.htm" />
  </HelpKINode>
  <HelpKINode Title="RecognizedPhrase.Confidence field" Url="html/7c61fbef-3d50-187d-a325-3b7e48275c0d.htm" />
  <HelpKINode Title="RecognizedPhrase.DisplayText field" Url="html/190542d4-ee81-f40c-3a7f-073263dc47c2.htm" />
  <HelpKINode Title="RecognizedPhrase.InverseTextNormalizationResult field" Url="html/9c7001fb-4560-f5d7-7e79-6731a77afd82.htm" />
  <HelpKINode Title="RecognizedPhrase.LexicalForm field" Url="html/53561b27-03d6-45e1-15b8-aa4d3dddf108.htm" />
  <HelpKINode Title="RecognizedPhrase.MaskedInverseTextNormalizationResult field" Url="html/42e021dd-b73d-9b1e-0eb0-03d3e00a8d0b.htm" />
  <HelpKINode Title="Recording property" Url="html/c863d047-26cd-d2fb-c150-ab8db38e5d09.htm" />
  <HelpKINode Title="Results field" Url="html/ce014698-4aff-cd32-7970-a536bf4bbbbd.htm" />
  <HelpKINode Title="SamplesPerSecond field" Url="html/0286d6ef-cfb6-b731-cd8e-ca4d16594cc8.htm" />
  <HelpKINode Title="SecurityFailed enumeration member" Url="html/af0ce99c-2c3b-361d-698f-dbde3e8f7045.htm" />
  <HelpKINode Title="SendAudio method">
    <HelpKINode Title="DataRecognitionClient.SendAudio Method " Url="html/c36d486e-00ec-4006-f978-a5e379fb591e.htm" />
    <HelpKINode Title="IDataRecognitionClient.SendAudio Method " Url="html/b58f39d2-2fff-5d99-e056-4299888a40b8.htm" />
  </HelpKINode>
  <HelpKINode Title="SendAudioFormat method">
    <HelpKINode Title="DataRecognitionClient.SendAudioFormat Method " Url="html/2d590d63-0247-5e09-80b4-31ae41b22087.htm" />
    <HelpKINode Title="IDataRecognitionClient.SendAudioFormat Method " Url="html/ce1b8d53-bd7c-de4b-4c10-86bdf83c61ad.htm" />
  </HelpKINode>
  <HelpKINode Title="ServiceUri property" Url="html/8e5abc1d-aaad-f7b4-867e-37e157ca8ffc.htm" />
  <HelpKINode Title="ShortPhrase enumeration member" Url="html/3d2bce6a-29b2-73d8-5e88-d90c5d4d2357.htm" />
  <HelpKINode Title="Siren7 enumeration member" Url="html/1310c673-68e9-7f2d-a4b6-85b5fd9c0cc9.htm" />
  <HelpKINode Title="SpeechAudioFormat class">
    <HelpKINode Title="SpeechAudioFormat Class" Url="html/b530eb82-a498-926f-e69a-09d93c6ee29c.htm" />
    <HelpKINode Title="about SpeechAudioFormat class" Url="html/b530eb82-a498-926f-e69a-09d93c6ee29c.htm" />
    <HelpKINode Title="constructor" Url="html/99f16395-7b40-b8c8-180b-8acf62a39912.htm" />
    <HelpKINode Title="fields" Url="html/802ea150-399d-c5d7-2fa7-e6fe275adeef.htm" />
    <HelpKINode Title="methods" Url="html/ccc52618-95df-f4d9-a1c4-541136f2b37e.htm" />
  </HelpKINode>
  <HelpKINode Title="SpeechAudioFormat.AverageBytesPerSecond field" Url="html/0e5ca434-20f4-48e1-dea5-780637f3ad0e.htm" />
  <HelpKINode Title="SpeechAudioFormat.BitsPerSample field" Url="html/9c628ecd-def5-982e-a9de-50b68de03c1d.htm" />
  <HelpKINode Title="SpeechAudioFormat.BlockAlign field" Url="html/44af38b8-f8fd-c628-e141-c2a2a3374958.htm" />
  <HelpKINode Title="SpeechAudioFormat.ChannelCount field" Url="html/6b8479bc-b437-30f4-4ceb-3f51b8aed1ad.htm" />
  <HelpKINode Title="SpeechAudioFormat.create16BitPCMFormat method" Url="html/db4fb56c-ad74-bf59-82d3-831f0931b6de.htm" />
  <HelpKINode Title="SpeechAudioFormat.createSiren7Format method" Url="html/8317093c-9510-667f-9970-80efbbb13686.htm" />
  <HelpKINode Title="SpeechAudioFormat.EncodingFormat field" Url="html/cc32368a-3da5-cffb-fbee-1322abbd19f8.htm" />
  <HelpKINode Title="SpeechAudioFormat.FormatSpecificData field" Url="html/43376579-c3a0-5348-e351-445fdd42d38f.htm" />
  <HelpKINode Title="SpeechAudioFormat.SamplesPerSecond field" Url="html/0286d6ef-cfb6-b731-cd8e-ca4d16594cc8.htm" />
  <HelpKINode Title="SpeechAudioFormat.SpeechAudioFormat constructor" Url="html/99f16395-7b40-b8c8-180b-8acf62a39912.htm" />
  <HelpKINode Title="SpeechClientStatus enumeration" Url="html/af0ce99c-2c3b-361d-698f-dbde3e8f7045.htm" />
  <HelpKINode Title="SpeechErrorCode property" Url="html/538c0c93-615e-4b58-3242-f4525e44db28.htm" />
  <HelpKINode Title="SpeechErrorEventArgs class">
    <HelpKINode Title="SpeechErrorEventArgs Class" Url="html/34c5a3d1-4cca-fd1b-2f7c-2b3209406b15.htm" />
    <HelpKINode Title="about SpeechErrorEventArgs class" Url="html/34c5a3d1-4cca-fd1b-2f7c-2b3209406b15.htm" />
    <HelpKINode Title="methods" Url="html/1f2b8eec-8cf2-0b02-6f84-27da337c2e12.htm" />
    <HelpKINode Title="properties" Url="html/f3931fca-d7a8-08f4-5cc3-5af430807f58.htm" />
  </HelpKINode>
  <HelpKINode Title="SpeechErrorEventArgs.SpeechErrorCode property" Url="html/538c0c93-615e-4b58-3242-f4525e44db28.htm" />
  <HelpKINode Title="SpeechErrorEventArgs.SpeechErrorText property" Url="html/cbccb94b-33ca-c8f8-67ae-c18de6db3eda.htm" />
  <HelpKINode Title="SpeechErrorText property" Url="html/cbccb94b-33ca-c8f8-67ae-c18de6db3eda.htm" />
  <HelpKINode Title="SpeechIntentEventArgs class">
    <HelpKINode Title="SpeechIntentEventArgs Class" Url="html/80f8b7cb-5a9f-1f9a-88b5-5b54c6b3df83.htm" />
    <HelpKINode Title="about SpeechIntentEventArgs class" Url="html/80f8b7cb-5a9f-1f9a-88b5-5b54c6b3df83.htm" />
    <HelpKINode Title="methods" Url="html/988fc62a-62b8-697b-1925-4c927411de4f.htm" />
    <HelpKINode Title="properties" Url="html/313fe59b-aac3-bbc3-a007-8746169274a1.htm" />
  </HelpKINode>
  <HelpKINode Title="SpeechIntentEventArgs.Intent property" Url="html/6f0059a8-2dc7-ba65-531e-f537c9dd4701.htm" />
  <HelpKINode Title="SpeechIntentEventArgs.Payload property" Url="html/2a482e35-a628-2702-5d5c-e8b960b9b3ee.htm" />
  <HelpKINode Title="SpeechRecognitionMode enumeration" Url="html/3d2bce6a-29b2-73d8-5e88-d90c5d4d2357.htm" />
  <HelpKINode Title="SpeechRecognitionServiceFactory class">
    <HelpKINode Title="SpeechRecognitionServiceFactory Class" Url="html/41994490-3ab1-b1c0-aab7-861336dfa4b3.htm" />
    <HelpKINode Title="about SpeechRecognitionServiceFactory class" Url="html/41994490-3ab1-b1c0-aab7-861336dfa4b3.htm" />
    <HelpKINode Title="methods" Url="html/20e04bd9-f2f6-34f8-aa14-d9ccd4c47c29.htm" />
  </HelpKINode>
  <HelpKINode Title="SpeechRecognitionServiceFactory.CreateDataClient method" Url="html/b3b15ca9-0650-4d27-1fb7-fb76b3de2c01.htm" />
  <HelpKINode Title="SpeechRecognitionServiceFactory.CreateDataClientWithIntent method" Url="html/29d44af4-309f-fd2c-f1dc-80f9d6e63d53.htm" />
  <HelpKINode Title="SpeechRecognitionServiceFactory.CreateMicrophoneClient method" Url="html/d39eefe2-9c95-a602-7a58-168b90b95741.htm" />
  <HelpKINode Title="SpeechRecognitionServiceFactory.CreateMicrophoneClientWithIntent method" Url="html/454ddf64-8db0-2a9f-ccbc-f6fd21673f38.htm" />
  <HelpKINode Title="SpeechResponseEventArgs class">
    <HelpKINode Title="SpeechResponseEventArgs Class" Url="html/e4ef9a8d-e61d-f753-1ccc-5875cedee272.htm" />
    <HelpKINode Title="about SpeechResponseEventArgs class" Url="html/e4ef9a8d-e61d-f753-1ccc-5875cedee272.htm" />
    <HelpKINode Title="methods" Url="html/2f6791fd-d311-c634-c049-270c0cdc24f2.htm" />
    <HelpKINode Title="properties" Url="html/675741e6-f007-fac3-fc69-14a717491641.htm" />
  </HelpKINode>
  <HelpKINode Title="SpeechResponseEventArgs.PhraseResponse property" Url="html/cac804ba-97cb-9871-cd93-3eb7866931ed.htm" />
  <HelpKINode Title="StartMicAndRecognition method" Url="html/9f0729e4-5624-c71a-149b-bcd1db6a3de0.htm" />
  <HelpKINode Title="Timeout enumeration member" Url="html/af0ce99c-2c3b-361d-698f-dbde3e8f7045.htm" />
  <HelpKINode Title="TTSEnabled property" Url="html/7ee75c0d-ee8f-f0b9-c3d2-c11f10f4aa28.htm" />
  <HelpKINode Title="Url field" Url="html/aba6135f-8312-2b70-c4a1-d08659554d79.htm" />
  <HelpKINode Title="UxAppSupport property" Url="html/ba84f9f8-3b24-c661-cc67-b85c8203a4ea.htm" />
</HelpKI>
