{"metadata":{"asset_id":"f49ac61b-a5ba-4e1c-83b6-8a80d65f58bb","asset_attributes":["data_asset"],"name":"dataset_desafio_2.csv","asset_type":"data_asset","created_at":"2020-08-17T22:41:25Z","description":"","origin_country":"us","owner_id":"IBMid-550008FTMK","project_id":"0d2787fb-ed3b-4e34-954e-e5f781cf6055","size":1520235,"tags":[],"usage":{"last_update_time":1597704086221,"last_updated_at":"2020-08-17T22:41:26Z"}},"entity":{"data_asset":{"mime_type":"text/csv","dataset":false}},"attachments":[{"id":"d9b7c020-f8b9-401b-ac3d-f034fbafcd74","version":2,"asset_type":"data_asset","name":"dataset_desafio_2.csv","mime":"text/csv","datasource_type":"193a97c1-4475-4a19-b90c-295c4fdc6517","object_key":"dataset_desafio_2.csv","creator_id":"iam-ServiceId-f49c5558-c247-4983-a04f-7d3c7a3d55da","create_time":1597704086128,"size":1520235,"is_remote":false,"is_managed":false,"is_referenced":true,"is_object_key_read_only":false,"is_user_provided_path_key":true,"transfer_complete":true,"is_partitioned":false,"complete_time_ticks":1597704086128,"user_data":{},"test_doc":0,"handle":{"bucket":"desafio2uninassaumarioheliosimoes-donotdelete-pr-ezxaskc8oqqbwz","location":"ap-geo","key":"dataset_desafio_2.csv","upload_id":"done","max_part_num":1},"usage":{"access_count":0,"last_accessor_id":"iam-ServiceId-f49c5558-c247-4983-a04f-7d3c7a3d55da","last_access_time":1597704086128}}]}
