{"metadata":{"asset_id":"661c3916-259a-4164-8f6b-0629c75995d4","asset_attributes":["notebook"],"name":"parte-2","asset_type":"notebook","created_at":"2020-08-17T22:41:26Z","description":"","origin_country":"us","owner_id":"IBMid-550008FTMK","project_id":"0d2787fb-ed3b-4e34-954e-e5f781cf6055","size":24880,"tags":["notebook"],"usage":{"last_update_time":1597985096047,"last_updated_at":"2020-08-21T04:44:56Z"}},"entity":{"notebook":{"kernel":{"name":"python3","display_name":"Python 3.6","language":"python"},"originates_from":{"type":"file"},"runtime":{"environment":"conda2py36-0d2787fb-ed3b-4e34-954e-e5f781cf6055"}}},"attachments":[{"id":"d04e803a-79d2-4841-ba4b-6e572fe7bd71","version":2,"asset_type":"notebook","name":"attachment for notebook 661c3916-259a-4164-8f6b-0629c75995d4","description":"attachment for notebook 661c3916-259a-4164-8f6b-0629c75995d4","mime":"application/json","datasource_type":"193a97c1-4475-4a19-b90c-295c4fdc6517","object_key":"notebook/parte-2_XvWXXx6YQ.ipynb","creator_id":"iam-ServiceId-9e68bc5f-c5f6-4f6f-8bcf-e57f47b9d1b1","create_time":1597704087000,"size":24880,"is_remote":false,"is_managed":false,"is_referenced":true,"is_object_key_read_only":false,"is_user_provided_path_key":true,"transfer_complete":true,"is_partitioned":false,"complete_time_ticks":1597704087000,"user_data":{},"test_doc":0,"handle":{"bucket":"desafio2uninassaumarioheliosimoes-donotdelete-pr-ezxaskc8oqqbwz","location":"ap-geo","key":"notebook/parte-2_XvWXXx6YQ.ipynb","upload_id":"done","max_part_num":1},"usage":{"access_count":0,"last_accessor_id":"iam-ServiceId-9e68bc5f-c5f6-4f6f-8bcf-e57f47b9d1b1","last_access_time":1597704087000}}]}
